GENE_ID,baseMean,log2FoldChange,lfcSE,stat,pvalue,padj
CXCL13,79.87622318293329,8.514557472780522,2.367240082878942,3.596828870194467,3.221202511597883e-4,0.017054688278071772
COL6A3,394.76375830145054,6.9174876756216985,1.399420883343066,4.943107365309974,7.688711214293507e-7,3.0812739733431687e-4
IL17F,6.785593938056347,4.718115106217321,1.52518145383468,3.09347789035516,0.001978252929262007,0.058571036837645515
TNFRSF8,419.3703007057322,4.473579368384758,1.4554844343796705,3.073601656407548,0.0021149161901666052,0.06116639008988187
BCAT1,1260.564998010058,4.307729630316452,1.0626600024353057,4.0537233173775205,5.04088329224421e-5,0.004596974773938041
ENPP2,18.102170275224903,4.28850074582985,0.9249062933126984,4.636686739874918,3.5403834534895923e-6,0.00081814262223968415
JCHAIN,125.01465238389845,3.976802327698688,0.7994575569851005,4.974375803883738,6.545821435589977e-7,2.9458378400633425e-4
SAXO2,30.12124201071396,3.9010837261344795,1.0429828161237034,3.740314476736106,1.837901613906176e-4,0.01122783243861868
TIMP1,2331.8773049038023,3.8795613381763587,1.0981993914677544,3.532656608916243,4.1140647175013745e-4,0.019766543683624932
DTX1,178.85659064973228,3.824836244680857,0.8170927193476347,4.681030872156833,2.8543594647727224e-6,7.136427247017874e-4
IGFBP4,107.35870455265542,3.82226820426212,1.2564431193129293,3.0421338980727444,0.0023490737512187345,0.06621053176451804
COL5A3,1883.9539555268232,3.709245032479066,1.1255935697840513,3.2953680014276343,9.829286873851717e-4,0.03714033467273748
WNT5B,43.038299469867574,3.5169372735693023,1.0691076600304843,3.289600668906461,0.001003296598706544,0.03731544732544642
FCRL5,30.731431477014095,3.343272725413069,1.1237232531709092,2.975174462198821,0.0029282196130835277,0.07677350823420315
IGLL5,53.75711149775376,3.1618494330895923,0.7326705965367947,4.315512930415251,1.5923273038357985e-5,0.002233266344088665
RHEX,13.014277827492515,3.089028587836834,1.079676937082389,2.86106749319321,0.004222171564633914,0.09499256344411404
SOX4,71.52218122713862,3.0120081586689866,0.6576454690994823,4.579987698833152,4.650032783425613e-6,9.658475786004493e-4
FCRL2,22.361801611680107,2.9016961137911177,0.9582190056926618,3.0282180759852353,0.002460004932890311,0.0682535586130661
ST8SIA6,16.48424843126445,2.864569569045705,1.0076048764664176,2.842949290888211,0.004469818145126092,0.09836934886616104
ZC3H12D,362.47976781908875,2.7954647470926957,0.8784850165339393,3.18214277361519,0.0014618973318848865,0.04790552397518896
FCRLA,76.83070610168654,2.6768946066560306,0.8248823383268634,3.245183564101598,0.001173749346860337,0.041090500800329194
ATP9A,153.3178180248709,2.661162313086994,0.585793687704658,4.542832005435817,5.5503483046871825e-6,0.0010860181516171253
KIFC3,54.17312416399397,2.64137987862647,0.609684484135316,4.3323718207666095,1.4751154547015722e-5,0.0021414552423576266
MERTK,55.85560150410421,2.573963797883437,0.8858877333488748,2.905519176965254,0.003666443810185609,0.08825784964257098
FLVCR2,191.88737426816132,2.553000081541824,0.7752729913143239,3.293033692833425,9.91125966586426e-4,0.03714033467273748
RUBCNL,214.06980150611392,2.4729837592653903,0.48721415863782963,5.075763327936619,3.859434453312602e-7,2.0040855597759015e-4
CD1C,16.29387153345009,2.4118819709687402,0.7825002086075142,3.0822764574858916,0.00205423956891903,0.06003092731596499
B3GNT5,43.997146408872794,2.406501603813355,0.6936295862377937,3.4694333280477245,5.215574987478945e-4,0.02293663775438216
AIM2,226.16135734966932,2.363490221298899,0.5385211331146622,4.388853242637115,1.1394992981453147e-5,0.001748225002756806
INSRR,94.0171503537532,2.305275245169641,0.6972665041666026,3.3061608888340146,9.458376138642903e-4,0.03587009445163422
CFAP61,25.459398518769916,2.261282598191712,0.6964117074461541,3.2470485116974466,0.0011660851203398415,0.041090500800329194
ADGRG1,728.2417959614091,2.239718586691961,0.5930010513215731,3.7769217806620796,1.5877856886842862e-4,0.01015957089238225
XCL2,1790.4376353925738,2.16542872179888,0.46131090685650084,4.694076575285648,2.6781370730265417e-6,6.953370889025257e-4
PMEPA1,183.50773200995138,1.95168873034303,0.4930313246258247,3.9585491486250315,7.540642535623034e-5,0.005884752304823502
JADE3,37.58018405024631,1.9343591521566157,0.6801644808906371,2.8439579050403827,0.004455693413077546,0.09829463524503261
CADM1,431.21345391935637,1.9069187887792403,0.5461959438345022,3.4912723360630413,4.8072596928737637e-4,0.021644005085365178
SYK,201.667695523043,1.9047090314999724,0.6429411901241832,2.9624933987074007,0.0030515835280936253,0.07817728503376098
RORC,938.1764847800229,1.8719607144769523,0.5635003066547113,3.3220225301918234,8.93674774683873e-4,0.03447286609430563
FCGRT,131.46839610350398,1.8269686852514353,0.6306400998886335,2.897006843640398,0.003767415369274077,0.08970701040664783
KLRC2,192.2459256870618,1.7032690313147534,0.5794783806145054,2.9393141975521657,0.0032893942873916016,0.08224094865569262
TOGARAM2,151.7562503601706,1.6969468938838348,0.5844863425858937,2.903313166183106,0.003692372098709762,0.088387793802625
GPR183,514.1087817909854,1.6962536435712021,0.49187650433476954,3.4485356153884053,5.636351332691922e-4,0.024389865173933857
CD7,2608.6660214889835,1.670321807965889,0.5295902898005949,3.1539887345646207,0.0016105530277820857,0.05068549283936116
RAP1GAP2,129.4902757680399,1.659334668954801,0.4560452150763461,3.638531036175905,2.741975881221891e-4,0.015171891955892108
CARMIL3,184.74545632928297,1.6483726044003726,0.4109460696889427,4.011165274431447,6.0419793727328104e-5,0.0051628331336244105
FCRL3,834.6488324380375,1.5993772316307753,0.41019166932144346,3.8990973031620393,9.655197137879212e-5,0.00693376683821847
AGRN,545.3480617141103,1.5880223858164846,0.4510357849701935,3.5208345739605305,4.301909040563908e-4,0.02016669234606018
COL6A2,799.8567290606887,1.5708868803980296,0.4288712200295514,3.662840514898126,2.4943384859379736e-4,0.014149606680104447
SPIB,118.96960273846776,1.565903752510121,0.5015499710140446,3.122129085849896,0.001795481937683372,0.05484344262593485
TRO,74.49982372232466,1.4901455423583478,0.4223456736469588,3.5282604637356108,4.1830034085511614e-4,0.020026499652074196
TUBB2A,111.68046896873784,1.4694577911291393,0.4103830903879964,3.580697707938798,3.4267793317040764e-4,0.017658377006617074
KIF7,45.6019807840066,1.457229729990764,0.47365975736499066,3.0765326953200676,0.0020942333408165213,0.061067482363636835
CIB2,34.02472565101353,1.4548997046179115,0.4392870561442948,3.3119566904334494,9.264588734715215e-4,0.03543377124855244
XCL1,2860.9088420954845,1.4258668765671647,0.48604604397864964,2.9336045303349865,0.0033505081194143195,0.08284837018353979
PFKFB3,1670.2158609338242,1.411124522184266,0.45351351479863106,3.111537972161278,0.0018611553625136413,0.055838796776214825
TIAM2,168.98699279517504,1.3970165840522828,0.4710300177522956,2.965875913213971,0.0030182223907230764,0.0781076181191348
ACVR1,216.2708777572337,1.3847892502656558,0.48714283687419185,2.8426759985866066,0.004473652337147091,0.09836934886616104
OASL,1199.6160331422006,1.3823636697014272,0.3659082099704494,3.777897385284321,1.5815801632640845e-4,0.01015957089238225
CCR7,1284.5835822487409,1.3759168956987675,0.4334323265700002,3.1744676420127473,0.0015011162685830191,0.04845770602469731
DTHD1,639.6535736072523,1.3673043750746967,0.42341994770218344,3.2291921589778374,0.0012414045118544184,0.042974877729606425
IER5L,146.28031151127144,1.3640668693840168,0.4676477224516395,2.916868411617418,0.0035356490079987445,0.08631970570884458
MZB1,90.59854870983054,1.3313001362606633,0.46966288968395054,2.8345866056322504,0.004588501888997626,0.0994371813858057
ZNF532,235.2057068048024,1.324421760222661,0.3772015656344755,3.5111777916268845,4.4612591822296773e-4,0.02055681236152999
PAX5,154.8828655380388,1.3019474274447416,0.45309928814566464,2.87342633614155,0.00406045757442531,0.09309680671269364
TJP2,147.53010663564774,1.2992684459265231,0.2929054581905995,4.435794586938229,9.173328980873932e-6,0.0015470449868386481
MTSS1,1246.7875597992727,1.297437291125655,0.445147639962469,2.9146224188339938,0.003561191092977653,0.08678635549872075
TNKS1BP1,215.6996130825768,1.2614607884536087,0.34786543852993074,3.6262895037360003,2.8752299294036455e-4,0.015652612611644603
GORASP1,175.6456108983547,1.2246932367318297,0.431091654662101,2.8409114940806983,0.004498479514488429,0.09859411026803293
IFFO2,1578.1687996634416,1.2025345256069537,0.41833774153511283,2.8745542326498885,0.004045982782701204,0.09309680671269364
STOM,5675.550884579425,1.1978944920134118,0.4072386581814886,2.9415048594909234,0.003266217178385557,0.08213376205437121
BCL3,334.2171926071573,1.1887231154553575,0.4123795350465364,2.882594829351102,0.0039441439812259275,0.09141208257268986
C17orf107,100.71805544059784,1.1554945630159288,0.38995972626972203,2.9631125605435265,0.0030454518116996496,0.07817728503376098
GABARAPL1,2799.3126550211914,1.0819724221721507,0.2609086973584996,4.146938883702581,3.369499581948474e-5,0.003586893116821683
KDSR,534.6790209983812,1.0589870873250011,0.31860923891602594,3.323780223473408,8.880615197530131e-4,0.03443479658392006
POLI,179.7239676638019,1.044409834772396,0.33343562245782205,3.132268313366874,0.0017346127259541097,0.05334625606630168
PCCA,118.68196145678279,1.032666223255994,0.34850609281213607,2.963122437611608,0.0030453540877186363,0.07817728503376098
MAP3K14,1357.7323033563036,1.0151772299602315,0.3216121478549354,3.1565263835062964,0.0015966044265065178,0.05036391673426284
IRAG2,1040.7453033051904,0.9973755434771738,0.3226138214292111,3.0915462302845604,0.001991169739852238,0.05869603200381019
DIXDC1,139.71103717545193,0.9766222489920602,0.32599854428327263,2.9957871472684725,0.0027373743694279924,0.073592509640940107
ZEB2,2589.1292234984408,0.9445995246035074,0.32113460198848087,2.941444237881878,0.003266856545677901,0.08213376205437121
CPEB2,297.60140309020966,0.9163056877600095,0.2795529943432267,3.277753078312576,0.0010463688408286086,0.03818115059466769
UBASH3B,792.5961467851322,0.910707082298903,0.2951072004932161,3.0860212179737654,0.0020285434611179982,0.0594086014502258
ACSF3,693.9088932075206,0.8981194119993763,0.25272232409167766,3.553779489909938,3.7973746481463215e-4,0.018779617261766843
TAGAP,4531.22887322445,0.8919032047014538,0.30342370391845147,2.939464495302459,0.0032877993697203413,0.08224094865569262
ZBTB42,202.6608789149649,0.8836245392826229,0.2918204902219597,3.0279729110541034,0.0024620015587410705,0.0682535586130661
USP11,971.5564254186525,0.8777433190261296,0.20320348421856066,4.31952888210347,1.5636264483143327e-5,0.0022221600714412426
MAGEF1,325.4928125573963,0.8566584472654561,0.2753077346537803,3.111639592482816,0.0018605148843134037,0.055838796776214825
CARNS1,293.3363617596865,0.855704954232438,0.28226528835072623,3.031562822450876,0.0024329128763585883,0.06789646280814442
SPTBN1,4474.845297435465,0.8520588632270198,0.23795472631506318,3.580760409435424,3.425957016285467e-4,0.017658377006617074
NCOA1,2895.6855716534287,0.8503017973856728,0.2562227384253173,3.318603971729524,9.046863577562521e-4,0.034798206598481936
SLC2A13,243.8466455546687,0.8422035818123152,0.27191087489863197,3.0973515940702545,0.001952581359096025,0.05793802402012183
ZNF281,1536.6722455753518,0.8418988578136729,0.29038288663064543,2.899271605094732,0.003740307353722622,0.08921888618835533
AMN1,143.5551555479324,0.8403086851095491,0.22211403283153544,3.7832309575275214,1.548056442322972e-4,0.010000148338661457
SERTAD3,266.71268758765507,0.8341009955244801,0.2904849199225772,2.8714089383600108,0.004086464999277627,0.09351078636482585
KCTD11,455.47165358043634,0.8315506718722823,0.2235697180674338,3.7194244330597015,1.99677274425456e-4,0.012035012866152151
PHF11,1085.7098745023516,0.8117397755193139,0.28631074721770533,2.835170469175864,0.004580123900214162,0.0994371813858057
KLF10,1044.7724120850642,0.8019099274673493,0.15235173248846492,5.263543212598942,1.4130527549010793e-7,1.3736049883857873e-4
EGR1,451.6978720104108,0.787218499240692,0.2425730763315736,3.2452839001993836,0.001173335821654217,0.041090500800329194
RRAGC,379.1295638694606,0.7630327672186089,0.22871665303728522,3.3361487110176444,8.494771036935703e-4,0.03333950690978748
STAT3,5950.1206922658275,0.7243219956140611,0.253752837585728,2.8544389986155556,0.0043112910458940855,0.09589248832061953
THEMIS2,1037.7962229375596,0.7232755548887059,0.242687739378056,2.980272331607144,0.0028799222569844494,0.07623888312068049
DMPK,176.02335131628158,0.7127827942811049,0.2393306721538642,2.9782342056970506,0.0028991435943717474,0.07645866809663095
DNLZ,135.75840344440476,0.6995611193691276,0.2176228532288393,3.214557244286796,0.0013064586248856013,0.044096244736451254
MAGED2,1411.0518063074276,0.6958848637380489,0.174295879437631,3.9925491410544804,6.536678101702445e-5,0.005439571472077644
CASZ1,384.8481774739712,0.6951146127015712,0.23928411707726385,2.904975980821667,0.003672812842010896,0.08825784964257098
PIAS3,314.2070674788224,0.684278776894158,0.23920946690994116,2.8605840133901506,0.004228614964070257,0.09499256344411404
ZBTB16,772.5002118544245,0.6580259263236293,0.17719478578064018,3.7135738697087746,2.0435277945296694e-4,0.012207818032719055
BMAL1,2030.8314645446237,0.6575906662102708,0.2202204763635192,2.986055961139518,0.002826009226249458,0.07540306435492872
DNAJB2,1263.3497167736018,0.6550097913208806,0.19502654177847453,3.358567430605875,7.834760375597738e-4,0.031481279711590794
ERO1B,340.6532851075852,0.6359745025932654,0.22268962081798002,2.855878510445228,0.004291793222549211,0.09561633712481336
FCHSD2,819.508686443533,0.6257057324878849,0.2168903386820706,2.884894441541159,0.00391544922280053,0.09114220682246545
UBE2B,554.4418316451574,0.6244209693047533,0.1572265762091074,3.9714721541369005,7.142985103677089e-5,0.00570635750797304
PARP11,303.9275019871336,0.6142185796547192,0.19168230078206366,3.2043572992848466,0.0013536437445777713,0.04503903803763339
HLA-B,90865.02058393274,0.603532878796262,0.20118938353078805,2.9998246836116147,0.0027013504232884815,0.07279627158646265
RPS6KC1,570.8626451305796,0.6031673806667146,0.20879434336701336,2.8888109272504687,0.003867015120826824,0.09046708414177596
SLC45A4,549.5254891910857,0.6005042285122221,0.17346561665120552,3.461805515727539,5.365647381839837e-4,0.023368259774909562
PNMA1,528.848736628186,0.5905408751184257,0.20122575653734517,2.934718125951377,0.003338508114685108,0.08284837018353979
PLPP5,582.1150499970884,0.5736535420165416,0.19897898725365598,2.8829855349763895,0.003939255295612762,0.09141208257268986
AUH,533.9468474370134,0.5661069197730882,0.19581142096757376,2.891082230932971,0.0038391765118940884,0.09035741028100884
ITPKC,463.92510581236064,0.5521618252781691,0.19287888620678992,2.862738561680534,0.004199969539025241,0.09470707352698295
IPCEF1,1669.296788088912,0.5009586779059025,0.1464640314917825,3.4203529208057426,6.25399435259263e-4,0.02638599304823534
RPS15A,13339.463336760507,0.4980677827483103,0.17380381377554752,2.865689606739709,0.004161020085379293,0.09437512902982374
PLEKHM3,323.8912425112812,0.4898898858659648,0.1717872495479594,2.8517243692710608,0.00434827869295845,0.09639755440662075
USP32,1255.0419241820443,0.4789883071399246,0.1621015280152907,2.9548660830312627,0.0031280479675055805,0.07953253410412964
BACH1,1109.594091720396,0.46090304758039197,0.1611902540951965,2.859372920326744,0.004244794532847338,0.09519762622586696
UAP1,578.0203827669512,0.44993033980786606,0.15871343930019843,2.834859743394796,0.004584580847825074,0.0994371813858057
GGA2,1741.519922009955,0.4437182399042051,0.13664371624072516,3.2472641414589964,0.0011652019529869218,0.041090500800329194
RB1CC1,2245.51171733099,0.4381084790053702,0.15083118828224193,2.904627908821897,0.0036768993093675463,0.08825784964257098
HERPUD1,1904.1048811079438,0.4165410576891725,0.14410061262946144,2.890626556600846,0.003844746915536048,0.09035741028100884
RPAP3,521.0892785838369,0.3857710253397881,0.13281391960201985,2.9045978501030643,0.0036772524013865154,0.08825784964257098
TSPAN3,870.6944681711647,0.3856497564139209,0.1338225997141695,2.8817984199800843,0.003954126081212568,0.09141208257268986
CIB1,881.6307067635871,0.37126036372308535,0.11283589855301802,3.2902681547631922,0.0010009194712343877,0.03731544732544642
CASP4,3892.2597279487886,-0.2997278831065887,0.09935611424105258,-3.016702951762029,0.0025554009105357863,0.06980701946860157
MSH3,617.5115923933223,-0.3837359668711502,0.13203362878141062,-2.906350226171906,0.003656719104517311,0.08825784964257098
ADAM8,3781.2850097583337,-0.4510389811395074,0.1333269569511399,-3.3829541411104045,7.171060561315939e-4,0.02916159296335135
CNBP,5547.0006902803825,-0.46147981321049325,0.15335058295820952,-3.009312415436033,0.002618397145811038,0.07098590334456792
ITGB2,12027.835437834205,-0.4636338574317936,0.13062776958541192,-3.5492748510005234,3.862936496814449e-4,0.019023974513236237
ATP6V1F,950.7136676457777,-0.4656873311321107,0.16111860989146012,-2.890338561422716,0.003848271306686918,0.09035741028100884
PIK3CD,9727.206793221772,-0.4663068023430611,0.13425165740188746,-3.473378365431675,5.139502601087934e-4,0.022750303153209247
BCL2A1,662.7817484306788,-0.4715501494050587,0.1625387671703174,-2.9011549528423672,0.003717899816173756,0.0888413547224104
CDC7,666.7982658383589,-0.4778669290864456,0.16727931804646912,-2.856700605114239,0.004280694063018111,0.09552669511538434
G3BP2,6168.3503680830045,-0.49461265780650027,0.14606977511336292,-3.386139654303141,7.088330089806058e-4,0.02903279680589362
LMBRD2,1100.4707470487153,-0.5009490955758144,0.14671761925348553,-3.4143758474591897,6.392832144764721e-4,0.02680423192126351
MOSPD2,523.1494437677314,-0.5253067113910431,0.1499458049775205,-3.5033104892117244,4.5951350041663206e-4,0.021101672684098467
CDC23,1121.6862956863263,-0.5343043951395514,0.1626589206051616,-3.2848145871846914,0.0010204950330799075,0.037643998474349266
NASP,2433.9127323716143,-0.5347480094051869,0.1884712439599599,-2.837292300775562,0.004549793798022924,0.09939606159726132
ST3GAL1,4261.96280038727,-0.5392506485168403,0.1031708987206198,-5.2267708743828685,1.7249604031756575e-7,1.3736049883857873e-4
PFN1,21398.587451979773,-0.5404101978622989,0.1822200432188554,-2.9657011836685783,0.0030199375348632226,0.0781076181191348
MCMBP,3296.307734414842,-0.5441073012775383,0.16971097097758697,-3.2060820708485385,0.0013455560551981233,0.044973791442734654
DMAC1,349.8795583477233,-0.5542997231376151,0.18910727041062217,-2.931139146231789,0.003377214731274058,0.08290141106714738
PDE4B,3187.670192271655,-0.5632139454012762,0.19172689601691145,-2.93758443443218,0.003307800848095771,0.08239597647627492
RTN3,914.3107060400158,-0.5807067424668294,0.20449101807157516,-2.8397664990037494,0.0045146566982894295,0.09878829835268328
HAUS5,687.0278487578322,-0.5813283817857945,0.20074839170559183,-2.8958059232591182,0.003781862092876545,0.08989246499282788
XRCC4,277.6966859874445,-0.593946000754833,0.20450365940281154,-2.904329450579344,0.0036804065883095666,0.08825784964257098
RRAS2,1304.8180540192582,-0.5969340527028282,0.1905630214486334,-3.132475798111402,0.0017333871766782034,0.05334625606630168
RGS10,912.9552639749671,-0.5974718361448526,0.17841249356646136,-3.348822855403258,8.115566574293039e-4,0.032151503461941816
CHML,561.381384388651,-0.6059861141045353,0.17357768624887515,-3.491152159014692,4.809422654328979e-4,0.021644005085365178
ALKBH2,235.648183206357,-0.6079828413380207,0.1911251939281145,-3.1810711546835297,0.001467315855870226,0.04796666191308455
PDE4D,5937.549581470128,-0.6135648972453553,0.14127511795145878,-4.343049973288093,1.4051815433338923e-5,0.0020847643974231736
ZGRF1,840.8163549979489,-0.6387375543948237,0.22357309855606952,-2.8569517465207728,0.004277308578882679,0.09552669511538434
ORAI1,1405.3769693331662,-0.6388062005637327,0.1814308085712806,-3.5209356425965455,4.3002697269552896e-4,0.02016669234606018
PROSER1,349.12160156195574,-0.639245300467361,0.20157605580230678,-3.1712362756730044,0.0015179162563448772,0.048506069834226125
BAG2,281.03464912397845,-0.6405993726801245,0.21197971312442712,-3.021984336322352,0.0025112354243041353,0.06905130236971514
HCST,1717.6264418335732,-0.6495895697515878,0.19352517843033545,-3.3566152736318227,7.890282174047961e-4,0.03161029662665327
SLBP,1749.051124890558,-0.6513808729541386,0.21669799273778878,-3.005938655566272,0.0026476240561565225,0.07163441359152146
FAM200B,236.52434502880809,-0.657368234276161,0.22407366660815592,-2.9337148100750268,0.003349318005118046,0.08284837018353979
LACC1,500.417785555816,-0.6586638819757965,0.1784019657194392,-3.6920214377661793,2.2247870649300035e-4,0.01289135200155364
RARG,1495.8202604689106,-0.6592784971157931,0.2005995815794526,-3.286539742131361,0.00101426460653649,0.03761974300233284
CSRP1,606.4026142256154,-0.6598201028575138,0.21334064323246474,-3.0928007568560045,0.001982772069754083,0.0585763801176146
NUP155,1675.8289149200602,-0.6648701843382834,0.2164347889868477,-3.07191920231773,0.0021268728698215426,0.06116639008988187
TCAIM,511.2952982667084,-0.6688655429913694,0.18988700747530998,-3.522439749219485,4.275942234287252e-4,0.02016669234606018
KNTC1,2032.7587626736079,-0.6727622341518286,0.2346423238397886,-2.867181943745084,0.004141448458281933,0.09428953732759592
POFUT1,1330.4031388137107,-0.6819136786723016,0.23209518926064104,-2.9380776087802403,0.0033025433990983093,0.08239597647627492
SYNE3,894.1884182484491,-0.6830024720434167,0.21092894706967283,-3.238068939953563,0.0012034172573128705,0.041982781372044094
MSH2,1089.1818168805257,-0.6839036879407268,0.23743998499790633,-2.8803223178554243,0.003972688055192593,0.09168420757804308
LIN52,419.58601995837745,-0.7030270573246169,0.23650443303710889,-2.9725745445723124,0.0029531348892754537,0.07711851864624351
RAD18,720.068541343046,-0.7076789518978505,0.24139045041720422,-2.931677498735937,0.003371366466951269,0.08290141106714738
NIBAN1,8001.278444736116,-0.7096553782081596,0.1349938843346986,-5.25694465127522,1.4646837005841028e-7,1.3736049883857873e-4
CSTF2,1083.5299828785103,-0.7137078644017879,0.24838903230457954,-2.873346933960535,0.004061478346328165,0.09309680671269364
CCRL2,289.2208007864162,-0.7211304713973494,0.20498785021960866,-3.5179181138042286,4.349465552806607e-4,0.02027770328348778
TMPO,8516.431573760636,-0.7240183993640211,0.22209080835553385,-3.260010644857382,0.0011140803243727079,0.039712283149107984
SEPTIN8,451.15133044450766,-0.7261618758832836,0.20771856394654645,-3.4958930106514288,4.7247810200304926e-4,0.021550428564672864
KIF2A,3572.993016452376,-0.7268987218337952,0.2365310204673484,-3.0731644432834084,0.002118017386042605,0.06116639008988187
GUSB,1052.8715373651105,-0.7276825742137748,0.25682566573976545,-2.83337170417818,0.004605979285179594,0.0996559716814258
MSH6,2528.006976784354,-0.7329495821910786,0.20738348370471626,-3.5342717225962486,4.0890047636825237e-4,0.019716304755170624
MTBP,270.43678929442734,-0.7362421165266837,0.2511018523196191,-2.932045740505115,0.003367371472797288,0.08290141106714738
POGLUT3,685.1410651494093,-0.736598404528033,0.18130441096145536,-4.062771559841592,4.84934815398666e-5,0.004484318453902322
TAPT1,696.6761647940406,-0.7404550189322242,0.1807675733643491,-4.0961717035377125,4.200384412554681e-5,0.004200695552140797
AP3M2,718.8764760368821,-0.7471007243956235,0.2395044808663734,-3.1193601125669668,0.0018124429935877115,0.0550850073290384
POLD2,1160.147012705837,-0.7488891626012918,0.2612596356578547,-2.8664556647473707,0.004150962968390459,0.09434705561656496
LNPK,1039.9717693962539,-0.7510868552659917,0.25833466577282055,-2.907417992157883,0.0036442588334207947,0.08825784964257098
POLE,2002.9177680159255,-0.7538691470843562,0.2395351472451336,-3.1472172487191092,0.001648324416834289,0.051376022385923176
PELO,1310.3340727951804,-0.7549406199096131,0.18814439837030741,-4.012559642747017,6.006389659776152e-5,0.0051628331336244105
SGK1,1161.3292554312548,-0.7584357608581589,0.2428098332174822,-3.1235792669847764,0.0017866573307745834,0.054697643135572904
CBX5,2173.1354524470285,-0.7624132534799964,0.21518995636614183,-3.5429778710618076,3.9563589955924564e-4,0.019283322310286555
NCALD,1960.5901415344958,-0.7625450418541762,0.24326149155931984,-3.134672228498722,0.001720462270750087,0.05315322910159479
CCND3,3146.474500184704,-0.7682853140718371,0.265462298563816,-2.8941409692764513,0.003801974293690172,0.09005342971773862
MACROH2A1,3181.501910525658,-0.7725535752550065,0.24338155255640959,-3.1742486936266396,0.0015022491562140308,0.04845770602469731
EIF4EBP1,489.9085906381854,-0.7827607627517343,0.2412152693827605,-3.245071362002582,0.001174211936108034,0.041090500800329194
IDH2,1308.458819841276,-0.783262389099848,0.2708050697083513,-2.8923475839776467,0.0038237465987948477,0.09025245250057559
TNFSF12,164.32661555209515,-0.7844759052448251,0.26556308378187193,-2.95400962390231,0.003136742235580107,0.07960367842587787
VIM,6743.086285670229,-0.8064875936962697,0.27222820813101334,-2.962542343547797,0.0030510984054091814,0.07817728503376098
ITGB3BP,348.0958550760247,-0.8070492778736066,0.19777472720219172,-4.080649177427675,4.491009529599181e-5,0.004330937118508467
TUBB,16497.50713661041,-0.8090762016523881,0.27638365388188624,-2.927366326802201,0.0034184597441843365,0.0836098279098419
H2AC20,4475.573781459332,-0.8203061452536787,0.27746309152043047,-2.9564513995666952,0.0031120127157531386,0.07927412014223231
SLC16A1,1295.8449272231117,-0.8281331323281201,0.2698767493979968,-3.0685604972469966,0.002150927729061039,0.06165536150754371
ZNF718,298.5835111846764,-0.8350466061656041,0.29170968739300746,-2.8625947037562143,0.004201876678961765,0.09470707352698295
DHCR7,452.8367829581075,-0.8412815336982447,0.2769548967691334,-3.0376120570979754,0.0023846072647211577,0.06693260432640405
RANBP1,1962.3995847948452,-0.8417280700387632,0.28222371479136926,-2.9824852623068945,0.0028591841377434224,0.07583859537067573
WDR90,298.3263905977004,-0.8427788943382267,0.21466082034894393,-3.9260955630759238,8.633586607698326e-5,0.006404508395084347
POLA1,948.6061346797187,-0.8460229276811794,0.24713750911355772,-3.4232882362362833,6.186843625712999e-4,0.026184506517476863
MAPKAPK3,2116.1707239334414,-0.8497427999860838,0.22576262233902622,-3.763877258255934,1.6729902318386028e-4,0.010554692112174288
DOCK3,159.3113637281446,-0.8661436794560919,0.2857933919060662,-3.030663773152508,0.002440168108482951,0.06792723635593469
SHPK,234.59155873104726,-0.8691583394353516,0.2901745798235972,-2.9952945566897347,0.002741799300006879,0.073592509640940107
MCRIP2,199.39886078707897,-0.8695070239377437,0.27113378575816816,-3.2069298243535074,0.0013415971851438028,0.044973791442734654
NDUFA12,796.7812117080297,-0.8754732614311131,0.24140775315607205,-3.6265333237458726,2.872517636985084e-4,0.015652612611644603
PRKCA,953.4103761808052,-0.876397554396159,0.3027359871494542,-2.8949236020741083,0.00379250822321318,0.08998708879016018
PRKX,4283.449270966782,-0.8777489365147821,0.22370315444068842,-3.9237217673991465,8.719142827774366e-5,0.006432631000971679
H2BC4,4768.987959472984,-0.8802289920327587,0.27774786031554494,-3.169165699540384,0.0015287721191593114,0.048679132973513825
RBL1,1430.833099259723,-0.8808507686967416,0.2777932054821051,-3.1708866571017853,0.001519744281155296,0.048506069834226125
TSEN2,147.32767849686925,-0.884033045396684,0.2850939595371551,-3.100848039123297,0.001929672923122879,0.05751106873086532
NFE2L3,1946.6944564507996,-0.8867048639747869,0.26124875484450377,-3.394101780513966,6.885409732668118e-4,0.028407165945744148
PLAGL2,641.9281459420487,-0.8875669671988144,0.2945021707369522,-3.013787521422328,0.0025800843440817135,0.07022927163195003
MMS22L,742.9421054936453,-0.8893950726389585,0.2650513138710554,-3.355558060246551,7.920502876585953e-4,0.0316223499882031
C4orf33,403.4317037228284,-0.8918996345438315,0.30072274535574295,-2.965853592114391,0.003018441444983057,0.0781076181191348
NEDD4,474.1500550059271,-0.8920296986601304,0.26638486876636697,-3.3486500295273363,8.120630087047004e-4,0.032151503461941816
HK2,750.9813119199008,-0.8988529070941512,0.29525090233609225,-3.04436972074335,0.002331683946392531,0.06585787648586937
EAF1,2412.8134556765076,-0.908386227869913,0.27847485656508725,-3.262004473490403,0.0011062739775489702,0.03961751981668076
RAB11FIP1,3377.8917744219784,-0.9120112657179242,0.25173094661472906,-3.6229604583092665,2.912503596524056e-4,0.015791851829988466
ALOX5AP,1975.4019116446223,-0.912742405682531,0.261387874132362,-3.49190798812777,4.795834231207998e-4,0.021644005085365178
ALCAM,749.2562636114071,-0.9134865503622749,0.30713934846370355,-2.9741762328125367,0.002937762970534166,0.07686577105655383
SFMBT2,2186.738631408179,-0.9172834806101494,0.31919592180452716,-2.873731830358052,0.004056532398590497,0.09309680671269364
H2BC7,2454.9219343399914,-0.9214513649893766,0.29854219131231413,-3.086502986190713,0.0020252591235792616,0.0594086014502258
DTYMK,472.36184445943854,-0.9246226627030465,0.268727203009617,-3.4407482843110486,5.801079325461936e-4,0.024879004400442252
GEN1,670.4676148137554,-0.9263981012594311,0.24681106963399696,-3.7534706309292076,1.7440297411072474e-4,0.010702793424858612
ITGB7,8293.10598746832,-0.9273712105706841,0.24386279286336116,-3.8028401121867725,1.430466825820839e-4,0.00946702579186625
H2BC21,4447.568516218807,-0.9359976332059827,0.2745451653052444,-3.409266494149781,6.513781461125482e-4,0.02714276651439973
SUV39H1,513.553562887827,-0.9360084496168133,0.3055499139065409,-3.063356941095758,0.002188688253753154,0.06247247381378718
RFLNB,2543.566927584092,-0.9373661669508675,0.31919258653479465,-2.9366790035040076,0.003317472977908167,0.08248471947465592
NCAPD3,1547.9738851358188,-0.9483208474131106,0.28793028889058075,-3.2935779388374504,9.892091255673406e-4,0.03714033467273748
DCLRE1B,455.0013148379406,-0.9507076967205393,0.31871472691972186,-2.98294247620382,0.002854916463392391,0.07583859537067573
FANCD2,1028.8088981264866,-0.9556587714329775,0.3065747998738933,-3.117212412194606,0.001825699767644467,0.0552663061949954
NSD2,2484.4865498281656,-0.9622713166390037,0.318950725787595,-3.016990521852042,0.002552977942667902,0.06980701946860157
UNG,993.6861966064522,-0.962820089595756,0.24892639317516801,-3.867890733941681,1.0978083324919415e-4,0.007719536613007136
NCR3,2412.1401358678786,-0.975656253902138,0.17539035300812217,-5.562770341519047,2.6552523259198606e-8,5.974760275374006e-5
RFC4,1178.508664640084,-0.9760257404262439,0.30195454811594774,-3.232359792280589,0.0012277236776986466,0.04261053309154095
MCM3,3574.4616280789246,-0.9789541888369364,0.23268574602306577,-4.207194491148135,2.5856060255110107e-5,0.0030355014739499265
RRM1,2691.3320069565557,-0.9844867461435362,0.3008184289745579,-3.272694261117893,0.001065276402965867,0.03866208794742519
MORC4,256.8838752688473,-0.9856326699372455,0.3320352892596823,-2.968457576105381,0.0029929841439972882,0.0778579555454863
SMC2,2300.9053006750787,-0.9923927043843085,0.3069770108311554,-3.2327916077407757,0.0012258695131544745,0.04261053309154095
H2AC18,5113.892997990476,-0.9924112869112901,0.3244284032986486,-3.05895315213119,0.0022211188037365727,0.06326439866929846
THNSL1,176.69958462273073,-0.9936702238189283,0.2856586427955884,-3.478523226514028,5.041847426970436e-4,0.02246534063086728
MAP3K8,3121.082170627987,-0.9991179812281765,0.29035776219472137,-3.440989397618178,5.795912432397024e-4,0.024879004400442252
SLC39A8,2144.800201981108,-1.0015812662566246,0.28069073563876434,-3.5682733310643076,3.593415336350606e-4,0.018205677970238546
H3C4,3463.8112593468613,-1.0018516493973648,0.3186558474770799,-3.1439926721238822,0.0016665961302642924,0.05172578012574301
CLDND1,6860.05956428059,-1.0026369506433792,0.2532329723818386,-3.959345977788185,7.515529510936368e-5,0.005884752304823502
PLS1,153.4358584149608,-1.0027483546817497,0.2875755880857373,-3.4869036045674084,4.886474493995056e-4,0.021917705031038952
PCYOX1L,290.39916516512113,-1.0028801482869185,0.28544677660543705,-3.513370023698548,4.4246082991242523e-4,0.020493694742795197
MCM5,3708.4810780085922,-1.0140835897984541,0.321012599308984,-3.159014917113484,0.0015830338748519723,0.05006283767895223
H2AC19,5116.303461373059,-1.016827866714438,0.33144166860824553,-3.067893880042883,0.0021557315697277373,0.06166214390443683
HYLS1,143.645902175129,-1.0172158202495427,0.3452517064834571,-2.946302078012417,0.003215981588553791,0.08130892776603883
INCENP,1089.3390590490906,-1.0195968623082121,0.3588948402801441,-2.840934858557289,0.00449814995448096,0.09859411026803293
ZNF257,190.80012829798275,-1.0216821074586944,0.3267233607269411,-3.127055577493783,0.001765665457434274,0.05417783941095485
H2BC12,8851.392746571926,-1.0223335729660084,0.31689298775361446,-3.2261161100884843,0.0012548244024417152,0.0432178169830755
POLD3,1022.1854408351537,-1.0236922997575733,0.29029484102839936,-3.5263881925391365,4.212689970092959e-4,0.020097359465097185
PGD,1474.3031541397997,-1.03432167778033,0.32280234948170244,-3.2041950110990713,0.0013544070397214396,0.04503903803763339
DENND3,1006.4301101051819,-1.048631514743605,0.2793261780690946,-3.7541469331392694,1.7393281836098593e-4,0.010702793424858612
WEE1,589.865106457066,-1.0505624798029585,0.27945500347441904,-3.759326069461933,1.703716726528849e-4,0.010660776834891895
H3C1,875.1782092309237,-1.0508752469906082,0.326168772957795,-3.2218757101146145,0.0012735436775709668,0.04331010879316278
RPS6KL1,49.954824781858264,-1.0554919266518854,0.3275357208917521,-3.2225246265604017,0.00127066242299783,0.04331010879316278
FEZ1,1763.9438629721806,-1.0629510216736626,0.2017701802849731,-5.268127431776033,1.3782242320084618e-7,1.3736049883857873e-4
KIF22,1648.898715403094,-1.0674339607866317,0.3240941240617611,-3.2935924521211493,9.89158056623813e-4,0.03714033467273748
ARAP3,356.3830113559274,-1.0797237473610033,0.35941154665143926,-3.0041431818775974,0.0026632995473779824,0.07191441437830028
CHTF18,550.4984323131805,-1.0843125056669205,0.375576352033935,-2.887062776436329,0.0038885663700293054,0.09067277126384396
SEPTIN11,2281.1309470293854,-1.0854465836511176,0.2820294882615633,-3.84869890854973,1.1874685427700615e-4,0.008221545023558258
LFNG,1467.7581138252629,-1.0861860574880549,0.30374392219807317,-3.5759927297565697,3.489013475868875e-4,0.01784286777943397
H2AC8,4114.822184807676,-1.0890755546683726,0.33969561321644004,-3.206033614494923,0.0013457826637185985,0.044973791442734654
H2AC21,1100.6360661170202,-1.0997490357157664,0.370205242674686,-2.9706468438162,0.002971732963787385,0.07745437595384842
CENPH,417.75134034278364,-1.1072918254549737,0.35499333951375134,-3.1191904247321256,0.0018134871716581108,0.0550850073290384
TMEM106C,1402.1051256495018,-1.1139653134078045,0.3682214496662619,-3.0252591597188285,0.0024842016422779245,0.06872788191064397
H4C3,2626.2595673886867,-1.1161861608416175,0.36153667176956095,-3.0873387072420164,0.0020195733702775,0.05940361671485082
SMC4,3642.550307998519,-1.1179026936283902,0.35843513561073975,-3.118842386150535,0.001815630565248655,0.0550850073290384
INF2,247.69799146742585,-1.1180244971535167,0.3150735110312462,-3.5484560206098728,3.874967032916055e-4,0.019023974513236237
SDC4,1559.669151940279,-1.1181090093615147,0.39443339972028113,-2.834721933169047,0.004586558809124546,0.0994371813858057
C3orf18,249.47207914101833,-1.1245726060179726,0.3489799916591221,-3.2224558223854753,0.0012709676350322666,0.04331010879316278
PRIM1,698.3995171063997,-1.1246926598549642,0.30145569147208434,-3.7308722033503687,1.9081800575616425e-4,0.011552618366430374
TIPIN,476.5814946788076,-1.130156359224318,0.37393019834702784,-3.0223725289377956,0.0025080168802278126,0.06905130236971514
BRCA2,847.8997074480641,-1.1338311747012253,0.3096918121138298,-3.6611596766545325,2.510762109393866e-4,0.014183179597877231
POC1B,885.6564598778332,-1.1430662179629165,0.33288202404079775,-3.4338478362016427,5.950781505140428e-4,0.02534432211384887
BDH1,513.59647420684,-1.1460473673334273,0.25336583011126734,-4.523290953756995,6.088545209513496e-6,0.0011577668855442494
PCNA,5499.581798381593,-1.1490449987142584,0.3615092699102407,-3.1784662091778597,0.001480564746500584,0.04816651721085394
CENPQ,302.0383837449884,-1.1577297467417516,0.37326177859191795,-3.1016562989897816,0.0019244125077195774,0.05748117979363277
SNX10,1072.1391185672994,-1.1594122486586276,0.3201352921526752,-3.621632094551119,2.9275025837597024e-4,0.015809684953335897
PKP4,499.01498616182477,-1.1614312665848334,0.286615815555483,-4.052223232461517,5.07332228217738e-5,0.004596974773938041
IER3,2749.942872142287,-1.164942521050385,0.31407259357518824,-3.709150511318016,2.0795578694241784e-4,0.012260310390871542
CASS4,376.23263077316915,-1.1662171890930386,0.30409382406839897,-3.8350571329943377,1.2553511036224267e-4,0.00864719145408489
DNA2,418.7111472394017,-1.1682701071825894,0.3833713434632743,-3.047358982621782,0.0023086181999917976,0.06534309081360432
DPYSL2,924.0905533853679,-1.1703090141840873,0.32710351657745035,-3.577794046451304,3.465063068005314e-4,0.017787762920585454
ERI1,1540.8419695628124,-1.1724678552240817,0.403465878949044,-2.90599011316186,0.0036609301630921407,0.08825784964257098
TNFSF10,7261.5295093934865,-1.1728130085157047,0.36120580468750657,-3.246938430378636,0.0011665362252752845,0.041090500800329194
WDHD1,820.6991811327143,-1.1735156573892758,0.2975475677212126,-3.943959839351811,8.014708596499313e-5,0.006148101179621433
H2AX,2198.0290699759366,-1.178938097522001,0.40107852872076655,-2.939419622591628,0.003288275472593714,0.08224094865569262
PAQR4,376.2113538641179,-1.180459529187922,0.3675564486815734,-3.2116414592159535,0.0013197897643502981,0.044435116230656796
PSTPIP2,431.86943077640257,-1.182282943558176,0.22711488031423205,-5.205660421379659,1.9330786444952196e-7,1.3736049883857873e-4
ZNF280B,54.749017368675005,-1.1959440683193767,0.389313803028251,-3.0719282466144455,0.002126808429431973,0.06116639008988187
TMEM201,272.7755164196164,-1.2096738083603487,0.3307035153304743,-3.6578801019139853,2.54309954074186e-4,0.014264727780898372
CD55,2124.344195687802,-1.2097517693520399,0.3801683734745305,-3.1821473161893294,0.0014618744021570975,0.04790552397518896
DOK2,3262.9059017278487,-1.2123149672669862,0.4224012178585198,-2.8700555680524626,0.004103996698904836,0.09375306164452486
P4HA2,274.4945682606175,-1.2240138583115903,0.4179830419210996,-2.9283816221009293,0.003407315526708649,0.08348850621795549
H4C12,4239.038376834839,-1.232044984988686,0.2671571040834342,-4.6116871539523565,3.9941381455095295e-6,8.425759234769399e-4
H2BC18,3607.3805485620464,-1.2338281313272577,0.31341425092350905,-3.9367327034161637,8.259852200644958e-5,0.006252083138034386
DNAJC6,284.6656384000184,-1.242626828760944,0.3796872063810916,-3.2727645490212303,0.00106501154736875,0.03866208794742519
GMNN,488.2587813306447,-1.2439356382886115,0.41810997450106263,-2.975139829593924,0.0029285502363243184,0.07677350823420315
DNAJC9,1806.941071547474,-1.2500582657972283,0.29545049889665714,-4.231024386370978,2.3262944686806983e-5,0.0028294866325818116
SGO1,218.48151186835412,-1.2553356005235128,0.3952460576662873,-3.1760863294515467,0.0014927652079918792,0.04844669007956336
H4C11,4264.070283939179,-1.2610025631617114,0.2611965076299861,-4.827792586522872,1.3805476917585102e-6,4.779172919597858e-4
SIRPG,235.9018944631517,-1.2623887281767923,0.41853216079316224,-3.016228730868456,0.0025594011285799407,0.06980701946860157
DHRS3,3090.818916534045,-1.2654699327510668,0.41190459671932006,-3.0722403751502267,0.002124585618119607,0.06116639008988187
FANCA,447.5393337934136,-1.2668333840086505,0.38594746864339974,-3.282398478895465,0.001029280408671899,0.037761724993150295
CTSW,11454.323665281305,-1.2669847643325787,0.3848119093021964,-3.2924780488994787,9.93086498545162e-4,0.03714033467273748
SLC25A10,177.91136986191702,-1.2690927358308397,0.3978868656965432,-3.189581876770821,0.0014247877226742382,0.04691721718006071
MTFR2,164.8707035635991,-1.2756121172151802,0.3554174471603879,-3.589053175095086,3.3188114704680314e-4,0.0173671603344143
CDKN1A,4130.844196752228,-1.277419130775251,0.3374881632720045,-3.78507832212679,1.5366017686604093e-4,0.009973875230136627
ANK3,1289.5197545989452,-1.2836601965521848,0.44800244008054313,-2.8652973325801634,0.004166178572089101,0.09437512902982374
H3C10,2739.5908126352933,-1.293181495256192,0.36376000785597856,-3.555040321442356,3.779211288641933e-4,0.01875850426763042
ATAD5,829.3106730647077,-1.3224512640439212,0.31131691279441664,-4.247926179703652,2.157584593538509e-5,0.002755397298035966
H2BC6,2124.3916395610463,-1.3303550461205078,0.3782058364071427,-3.517542348786934,4.3556284365687403e-4,0.02027770328348778
DDX11,996.6037540738171,-1.3332219898669875,0.2388653562313164,-5.581479084710383,2.3848173646271936e-8,5.974760275374006e-5
IFI27L1,105.9623466865619,-1.3382396660477596,0.46838426548155143,-2.857140524718309,0.004274765373835083,0.09552669511538434
ADGRE1,34.81596988035268,-1.3538598261472985,0.45468262174187146,-2.9775930757166704,0.0029052141866211154,0.07645866809663095
GZMA,7471.151191542933,-1.3540793999040899,0.3878492137152747,-3.49125214650593,4.80762300361221e-4,0.021644005085365178
NCF4,540.4572202912747,-1.356774294305283,0.2841668863814982,-4.774568605026674,1.800928833006915e-6,5.40318670542808e-4
KCNA2,142.8782040946816,-1.358017603151203,0.32337603091320205,-4.199499880421598,2.6750517156947935e-5,0.003113437345999604
H4C1,668.1803812106583,-1.3673240651366891,0.43395922362768724,-3.150812312978458,0.0016281708044175204,0.050884106551946626
NCAPG2,927.8474318902348,-1.368650441464061,0.36616107563243855,-3.7378370682905295,1.8561016131908573e-4,0.01128794048634674
MCM7,5279.2263169607095,-1.3703978048938783,0.3266985566807358,-4.194685825420072,2.7325006074420213e-5,0.0031263975170402313
RFC3,509.145461207638,-1.3725969985188105,0.3869935032129631,-3.5468218125705024,3.8990821202411534e-4,0.01907301003817964
H3C12,1102.3083654208633,-1.3731648687496425,0.4124312235236376,-3.3294396506110857,8.702092046346524e-4,0.03395576436928451
CHAF1B,523.7366352477494,-1.3808406213298372,0.40207491171262155,-3.4342869477933933,5.941149051576129e-4,0.02534432211384887
H3C11,1345.6260875117198,-1.3832114459897789,0.310261200637953,-4.458215990738277,8.264460439038699e-6,0.0014681378998350194
NIBAN2,646.4854980505525,-1.3836497972034902,0.39570727020111,-3.4966499263465107,4.711396634110888e-4,0.021550428564672864
IL23A,655.0465491890633,-1.3902180121244032,0.4240985177175066,-3.2780544002052654,0.0010452524942985552,0.03818115059466769
DONSON,581.4567692680929,-1.4071396795475979,0.39941614761997857,-3.5229914662499078,4.267050994064993e-4,0.02016669234606018
EZH2,1538.6278576595396,-1.4071884268765644,0.38490493880092075,-3.6559375706124304,2.562437148018951e-4,0.014295646254299113
H2BC13,1560.1119679035644,-1.4086980525427715,0.36250092745955165,-3.886053650717779,1.0188699834519522e-4,0.007278181823589844
H2AC17,3916.2168061200714,-1.4087592493965166,0.346481229180129,-4.065903520170582,4.784672829370319e-5,0.004484318453902322
XRCC3,538.4981462812763,-1.4115767019137484,0.39698573035669876,-3.555736627221894,3.7692152460278515e-4,0.01875850426763042
CENPI,166.1963730153529,-1.4152346561790867,0.4179877370701381,-3.3858281730921003,7.096380228090433e-4,0.02903279680589362
KIF24,326.72515271932804,-1.417041666866943,0.4009036771931437,-3.5346187812197436,4.083638478546515e-4,0.019716304755170624
DDIAS,347.03311110047366,-1.4283276288929059,0.4232684347799415,-3.3745195992124892,7.394465027875092e-4,0.029890021659084314
LTB,10920.593300125349,-1.4363479737641882,0.3572408458253529,-4.020671181778543,5.803256132041433e-5,0.0050548232928187995
AGK,1874.146714500327,-1.4395138463534576,0.4183926878992512,-3.4405807940412476,5.804671051136441e-4,0.024879004400442252
NCAPH,709.506028714049,-1.4479676299916973,0.46716100777994063,-3.099504466078582,0.0019384465536510245,0.05764530158775877
H2BC10,2313.2269358427006,-1.457365147817762,0.38181191362353706,-3.8169713825501796,1.350998329774856e-4,0.008985408662022527
FRMD5,41.416851604538294,-1.460047853571041,0.5025170968903492,-2.905469013106291,0.003667031565532981,0.08825784964257098
WDR76,1815.1082889875868,-1.4771606372413446,0.3234499356023435,-4.566891115592611,4.950109722410055e-6,0.0010125974448826993
ATAD2,3710.650628835279,-1.4774902124517333,0.3478498859942862,-4.247493737790108,2.161752054768802e-5,0.002755397298035966
CCDC34,107.91263869948381,-1.482908158051682,0.47040989844906317,-3.152374477962338,0.0016194843309773486,0.050733979061382856
CD200R1,351.84092367735275,-1.4848302034200913,0.41629317132751237,-3.566789718613769,3.6138123696387525e-4,0.018205677970238546
POC1A,229.168683032154,-1.4858469078053573,0.5021786476694583,-2.958801443870558,0.0030883802161952465,0.07882083421333086
KCNK5,408.2938625624033,-1.4945469867922991,0.523883139561488,-2.8528251320386016,0.00433324592987878,0.09622229161067995
CCND2,10336.952014809713,-1.495906900466954,0.3145134068049918,-4.756257978517474,1.9721441814926867e-6,5.788243172681035e-4
CAPG,206.22401256030926,-1.5025955073268698,0.5106213022617778,-2.9426808099685218,0.003253837132408283,0.08211225256942846
UBALD2,1211.0904921584113,-1.5087355317163187,0.46863925951422414,-3.219396371700108,0.001284607824001742,0.043552664587148036
RACGAP1,1422.139055913828,-1.5092688371687413,0.40067946109657754,-3.7667736525305835,1.653708032758902e-4,0.010482024483698562
H4C4,1681.4234709977964,-1.5194090735746568,0.37027654092510515,-4.103444063127898,4.0704490114858056e-5,0.004101129261497751
H2AC13,3260.535189415315,-1.5256253752183027,0.4402823168279027,-3.4651070844951475,5.300203894498929e-4,0.023233134019360405
C21orf58,180.37633770624083,-1.529672869725861,0.384761702908374,-3.97563701938946,7.019111626793882e-5,0.005640775361508583
P2RX5,1688.559882877387,-1.5341496886274946,0.39013357235540225,-3.932370340150889,8.411234996291478e-5,0.006274037772648135
PTTG1,538.3557650451804,-1.5370241969706762,0.49346429882877396,-3.1147627105319824,0.0018409294012554176,0.05547854429988704
H2AC4,753.6768571732273,-1.5413599544196945,0.39885450175716836,-3.864466735687264,1.1133216023286301e-4,0.007788059561160019
COL7A1,65.25984113695661,-1.5427288226710507,0.48616783442523853,-3.1732432987774866,0.001507461412515582,0.04845770602469731
KIF18A,287.7734248749213,-1.555166217641723,0.434134604131478,-3.582221280777562,3.4068502065603826e-4,0.017658377006617074
BRCA1,1360.9648956648332,-1.5576145069376477,0.3983397206442537,-3.9102666046419974,9.219430589594546e-5,0.0066920178704363426
H2BC9,2913.7049419871987,-1.5640528827313673,0.38384699786008447,-4.074677909299366,4.6078076133986e-5,0.004350350390803811
NHS,137.52843810361392,-1.564992154855323,0.489928189746367,-3.1943296744478213,0.0014015596266058886,0.0462651748626066
NET1,388.5101234188819,-1.5678396973616355,0.5050468852687772,-3.1043448501365543,0.0019070091582909887,0.057087651099970375
MCM2,3468.1052992843815,-1.569454723755697,0.3908685189081425,-4.0153009204727805,5.9369995167525806e-5,0.005138168620235679
MFSD2A,342.60894350874906,-1.5702670659262836,0.4965910245367463,-3.1620931276217386,0.001566394613650294,0.049759749832688514
DHCR24,757.509662695633,-1.5726564885727339,0.3531983255838722,-4.452615923286089,8.483041471794142e-6,0.0014873966611778275
SMS,1384.2402914784873,-1.5862660807885818,0.45796563992561085,-3.4637229138986174,5.327549760542393e-4,0.02327742696345723
H2AC11,5703.055925649712,-1.5898256025257884,0.36854179811350984,-4.313827117205649,1.604524371354718e-5,0.002233266344088665
GPR15,432.4120433033676,-1.5906861252151863,0.49418078634711626,-3.218834420846699,0.0012871278549938573,0.043552664587148036
ESPL1,1254.487258864723,-1.6054397401949845,0.5223943078784714,-3.073233601481872,0.0021175265626253636,0.06116639008988187
GPC1,72.55381854591526,-1.6067793925272045,0.48018562086034766,-3.3461630726225016,8.193819163179334e-4,0.03234641886610649
FEN1,2112.7334458450873,-1.607430544945581,0.41977417340442486,-3.829274516602829,1.2852157945065303e-4,0.0088079687520978
PANK1,68.36423059925276,-1.6124931551089845,0.49692701810355094,-3.244929529617504,0.0011747969268148335,0.041090500800329194
LST1,980.0432289010059,-1.617794832494357,0.4232692564803011,-3.822141125833572,1.3229793481780097e-4,0.008960125189104835
H4C6,3349.0650861213476,-1.6179097972641707,0.3651351803995083,-4.430988532778337,9.380207799414755e-6,0.0015470449868386481
H2BC14,1388.3930669924928,-1.6247682769575815,0.4492489407658382,-3.616632404714914,2.9846068242115985e-4,0.015990149497492376
TK1,620.1890901492087,-1.6302757386261668,0.4771005839048824,-3.4170482988786035,6.330404768829672e-4,0.02662516971463221
H2BC26,556.9466048087855,-1.6371872535718612,0.3695163518253357,-4.430621934549009,9.396169833402647e-6,0.0015470449868386481
H2AC14,3621.6279474207877,-1.642426379535805,0.45453687528613157,-3.6134062357468695,3.022006695596773e-4,0.016126526639230053
CCNE1,365.82298674074826,-1.6471689018629552,0.5013408117512784,-3.285527256616277,0.0010179169334650746,0.037643998474349266
H2AC12,2089.9921466174906,-1.648352936172737,0.4074493470594327,-4.0455407477491905,5.220248413184376e-5,0.004674918714588433
POGLUT2,166.92488592757837,-1.667559779515435,0.48888216217539093,-3.4109646629266517,6.473348042069591e-4,0.027057793162842583
PARPBP,197.48656225892287,-1.6739015490240685,0.4661885217760736,-3.5906108169434963,3.299039280898973e-4,0.01733086744413114
DHFR,1759.98660396775,-1.6776260195653776,0.40674574136836045,-4.124507890166383,3.715282569382024e-5,0.003771430824753888
SLCO4A1,499.5032121805161,-1.6812615637532782,0.4288312553927698,-3.9205667558289288,8.83409595277834e-5,0.006482017905351107
TMEM97,576.8702674343998,-1.7059865457032917,0.4651923945495358,-3.6672709306764695,2.451530019514128e-4,0.013965445904413605
OIP5,87.08399181952507,-1.7074410650633787,0.5232347234203126,-3.2632411203562213,0.001101457637278116,0.0395499456406698
AGTRAP,226.3227882150005,-1.7100147655622349,0.39425346973445435,-4.337348677524637,1.4421175421899212e-5,0.0021163074931637095
CHAF1A,1338.7656745688228,-1.7202648364967343,0.38684423140269214,-4.446918673852461,8.711079778984051e-6,0.0014984341157085758
TMCC2,207.4522209491969,-1.7213827833929851,0.4580711367340645,-3.7578940154711002,1.7134942398130073e-4,0.010660776834891895
ITGA1,2011.5296526640884,-1.7227974684917784,0.30067988790485106,-5.729673110151453,1.0062435457755037e-8,3.396323527878769e-5
RECQL4,703.8906232168619,-1.725287486299361,0.40453532961108385,-4.264862324776516,2.000255026891091e-5,0.002700544311805662
ECT2,679.0394330936333,-1.7259306923434083,0.48344745779791315,-3.5700481293354285,3.5691564458830777e-4,0.01818384195315752
FADS1,810.5473266133391,-1.726771597415826,0.37257818705346923,-4.634655643885063,3.5753214363485195e-6,0.00081814262223968415
ASF1B,1146.015850253095,-1.7326896362739368,0.40698717680034563,-4.257356828527147,2.0685804931533864e-5,0.0027380299253003796
MAD2L1,575.2477881643537,-1.750261470414023,0.4225892065319093,-4.141756209956258,3.446565798799833e-5,0.0036353191288747305
CDC20,739.8105565338241,-1.763810545276136,0.4696222591842086,-3.755806950761003,1.7278384624445431e-4,0.010700709670396227
H4C9,1002.775932079633,-1.7702389748415488,0.3252504313537394,-5.442695240936524,5.248038955606837e-8,8.856721742455988e-5
WDR62,589.8553147053577,-1.7722078128358316,0.4883076285823036,-3.6292855345738846,2.8420673940964843e-4,0.015597866621014892
ORC1,587.6236746034102,-1.7799554405792877,0.4797533606603673,-3.7101468932478725,2.0713902444248453e-4,0.012260310390871542
UBE2T,540.0775932929881,-1.7819068573079753,0.4476377223673153,-3.9806896699510212,6.871561043648848e-5,0.005580494671062188
ELOVL6,245.76354106968222,-1.7853006997838863,0.4672746118258701,-3.8206670223486885,1.3309123832899722e-4,0.008960125189104835
CCNE2,548.4259063216965,-1.7864394845187863,0.45318071445945995,-3.9420024452046607,8.080415261239152e-5,0.0061634851097169385
FANCI,1555.837050337691,-1.8060520860744576,0.42658485727631734,-4.233746358475636,2.29830150953864e-5,0.00282085169820738
NDC80,613.7843864393459,-1.8061300416877264,0.452459717016602,-3.9918029688849725,6.557284481293536e-5,0.005439571472077644
HMGB2,4565.9793050342205,-1.8082215290854187,0.3608256011181861,-5.011344880966878,5.405094397111159e-7,2.516351015703371e-4
H2BC17,2877.427762707872,-1.8233874268163721,0.43610630204933587,-4.181061860945307,2.9015090526081754e-5,0.003210924075349424
IVNS1ABP,9354.72968916009,-1.8363873930086199,0.4348592048068918,-4.222947042880478,2.4112849182487243e-5,0.002906674792971074
CIP2A,616.8437299373173,-1.8388367620827804,0.4395512956141559,-4.183440659669756,2.8713006287538382e-5,0.0032037545280004603
TTK,437.48754546401824,-1.8418995617809408,0.4556487140715821,-4.042367518876789,5.291420996543535e-5,0.004674918714588433
H4C13,910.8647937971178,-1.8516265686550302,0.3844116341219353,-4.8167807742980395,1.4589282381605878e-6,4.804143937416121e-4
MCM4,3235.575404827218,-1.8542127386475893,0.44592942830043886,-4.158085609452845,3.209257605696604e-5,0.0034942086237507945
CKS1B,856.5011693974599,-1.8551807375869307,0.4777260587180546,-3.8833567977538883,1.0302421799659237e-4,0.007320684037747334
TRIP13,201.5433854542381,-1.874208176417975,0.5045502794724772,-3.714611313618768,2.0351627001891296e-4,0.012207818032719055
CDCA8,471.96435760724563,-1.8844274329736364,0.4716107136761559,-3.9957265141088985,6.449615564274738e-5,0.005439571472077644
POU5F1,30.31684675441465,-1.887044715150865,0.5598456591564203,-3.3706516863849196,7.499060845651939e-4,0.030222334470790098
EDDM13,26.172592022525233,-1.8926410975798675,0.6676517823430205,-2.834772777716457,0.004585828958032134,0.0994371813858057
SMOX,160.0477041171745,-1.899385648724754,0.6352664138973143,-2.989904089328693,0.002790650566013586,0.07460707582524638
RMI2,155.64891863151908,-1.901435773400059,0.49258972470362017,-3.8600800586007127,1.1334988232987015e-4,0.007888333821317407
ORC6,319.14180273221154,-1.904221069126423,0.547981632252017,-3.4749724389496888,5.109058400174849e-4,0.02268993337525021
XRCC2,191.0589948835975,-1.9081060861200283,0.49895225259973647,-3.8242258175567883,1.311836403362256e-4,0.008945001657471627
CENPM,279.0969670343132,-1.9086781630813003,0.4996406112412163,-3.820102129688232,1.333964271542902e-4,0.008960125189104835
GPSM2,195.49886357078802,-1.9099154270781014,0.5396179049280321,-3.5393848307031686,4.010607275630683e-4,0.019477413247586277
ERCC6L,254.331063448323,-1.9102616496676834,0.45098632000848965,-4.23574189485775,2.2779832312309737e-5,0.00282085169820738
KIF20A,439.5590395243558,-1.926649934874217,0.6026733458385735,-3.196839462334994,0.0013894223161189153,0.04602927629475514
HELLS,1007.9308237949039,-1.9420710044316667,0.5014436084503059,-3.8729599334879747,1.0752150917203459e-4,0.0076002507608986325
CHEK1,824.3220197320967,-1.9424982661487886,0.4203448230959092,-4.621201831015706,3.815233759949623e-6,8.291825325751883e-4
TCF19,2434.6336787451933,-1.9476164215157206,0.38098277316844487,-5.112085266528878,3.1862194266519804e-7,1.7206905891967712e-4
GPAT3,337.8398705368479,-1.949528457505971,0.6042755319086303,-3.226224386991645,0.001254349756776023,0.0432178169830755
PRC1,940.8602685573807,-1.949877858001869,0.4540208996517249,-4.294687446101274,1.749396204437118e-5,0.002410061036337299
STIL,628.2191823317506,-1.951956796940219,0.4625720817331511,-4.219789464220768,2.4453057018661373e-5,0.002921599316893338
ACTN1,1546.344325986056,-1.9551659591968455,0.4217699217625086,-4.635622073348715,3.5586563329053633e-6,0.00081814262223968415
GGH,153.97292697832663,-1.9565005957760937,0.49553034524728584,-3.948296233603486,7.870937061858839e-5,0.006072315501266068
H4C15,2282.8566831909543,-1.9667256469109637,0.43980834610119846,-4.471778819900854,7.75716359452217e-6,0.0014258624878219822
ZNF367,1213.7136536504188,-1.9677708315922828,0.3982280254942847,-4.94131679745509,7.759670772066346e-7,3.0812739733431687e-4
RAD51,258.4191141777999,-1.9687816233636677,0.4692413351002631,-4.195669639681246,2.72066563967771e-5,0.0031263975170402313
STX3,1864.8401064870222,-1.969094537931398,0.5520644791332571,-3.566783613796132,3.613896523238227e-4,0.018205677970238546
TEDC2,134.0113839533974,-1.9715616741755426,0.593284720383038,-3.3231290246319807,8.901373237381009e-4,0.03443479658392006
SORT1,36.54386280883278,-1.9744724344299935,0.5951625453432096,-3.3175347640389297,9.08156134095001e-4,0.03483243172277445
GINS2,514.408229090773,-1.991646947582827,0.5374754009456539,-3.705559257370012,2.1092480740061571e-4,0.012381286194416143
MYBL2,399.21730638655987,-1.9930929136126907,0.5387178358918094,-3.699697282740353,2.158567876693831e-4,0.012561562458294574
H1-5,7246.124371291818,-1.9954656728460127,0.4812261966757837,-4.1466272755521185,3.3740865553392617e-5,0.003586893116821683
RAD51AP1,379.34323656225524,-2.000004567959086,0.471118670201377,-4.245224599365157,2.183745729130052e-5,0.002755397298035966
HASPIN,528.7731354029423,-2.0003228377513422,0.44791193366095433,-4.465884222824661,7.973872557347408e-6,0.001435403378623298
ETV7,107.33032181291198,-2.007245652201502,0.6324161616914933,-3.1739316193830622,0.0015038911651906275,0.04845770602469731
H4C14,2280.4351759117912,-2.0183349390420116,0.4311340963427034,-4.68145515783484,2.848457100482953e-6,7.136427247017874e-4
STMN1,2909.486599213509,-2.0251977391923255,0.39326679428620803,-5.14967896760296,2.609326906236078e-7,1.5505905937625628e-4
DEPDC1B,198.69627685576845,-2.0290040436690506,0.5029718713223165,-4.034030846167968,5.482811584034349e-5,0.004806716830912192
TP73,144.53838297719642,-2.029870855011101,0.49642266177583677,-4.088997161712379,4.332421536316689e-5,0.004298167965204968
KNL1,956.7519036193535,-2.033919680509645,0.45963469669790885,-4.425078644239997,9.640715526999156e-6,0.0015677877684853693
VWCE,57.04117253997314,-2.0370556629748595,0.6824596727356267,-2.984873310989,0.0028369579473108814,0.07554589594998858
H2AC16,2593.9735095754572,-2.048781393163168,0.3980244080691094,-5.147376270470921,2.641551267057177e-7,1.5505905937625628e-4
REXO5,131.40497116557842,-2.054201439020214,0.5133982745084398,-4.001184929939699,6.302607529352836e-5,0.005351666934200795
CCR1,1833.421546495638,-2.063345658455003,0.49967679291195555,-4.129360594136238,3.6377349034146685e-5,0.0037646739036337903
B4GALNT3,386.63932388788675,-2.0653616836557998,0.5767444643958282,-3.5810689328754646,3.421913491968672e-4,0.017658377006617074
TNC,155.6791484375012,-2.0656021886331275,0.46941992456992054,-4.400329173342223,1.0808678908321465e-5,0.0016773330338074493
H2BC11,3416.057829462234,-2.0690863881286425,0.43014572153087316,-4.810198694444382,1.5078033494733628e-6,4.8468697669618743e-4
TICRR,138.0822841211371,-2.0806205086379155,0.5482506438516809,-3.7950169908068343,1.4763334554618936e-4,0.00972291608887367
BRIP1,632.9156678855118,-2.0921725364735657,0.40173512774230485,-5.2078406691276475,1.910508627006214e-7,1.3736049883857873e-4
MELK,484.84752382508503,-2.1007185087661955,0.5142293348474163,-4.085178278266694,4.40429870904538e-5,0.004298167965204968
CENPA,96.33681183026367,-2.1016329013006536,0.640034041509863,-3.2836267526377614,0.0010248054892493946,0.03769999703094299
CCNB1,507.97830478183954,-2.1097325643837146,0.6159177745798273,-3.4253477516912905,6.140129584297461e-4,0.02606851871622642
DSCC1,455.4448257098672,-2.1238546478599747,0.533412416450602,-3.981637064229568,6.84422342127716e-5,0.005580494671062188
CENPU,870.9821926757321,-2.1302487647194286,0.4088366493738025,-5.210513215931691,1.8831896457685282e-7,1.3736049883857873e-4
CBR3,54.367499684999416,-2.138476973755853,0.663590491669518,-3.222585315192942,0.0012703932672863186,0.04331010879316278
CDCA3,321.8480346420742,-2.1482327567276736,0.5287559023347843,-4.062806197040822,4.848628381188221e-5,0.004484318453902322
POLQ,379.79598272985726,-2.1578922639324016,0.5213367767595224,-4.139152195141942,3.4859164524183976e-5,0.0036483223274496736
SAPCD2,177.2124733725901,-2.158810216022417,0.649621303986344,-3.3231826031182603,8.899663637984491e-4,0.03443479658392006
PCLAF,379.4900371853196,-2.1612947733804577,0.5426963877658769,-3.9825118097392895,6.819073521936016e-5,0.005580494671062188
PLK4,542.0554154272896,-2.1651836627991967,0.44602298446434835,-4.854421718646352,1.2073855171532797e-6,4.405651855969305e-4
CDCA2,371.8824623694377,-2.17169580187147,0.5090147352336918,-4.266469419346831,1.985907017261321e-5,0.002700544311805662
CCDC150,71.41686578278576,-2.1754620089771595,0.6192774503677702,-3.512903639047762,4.432381945704909e-4,0.020493694742795197
PDE4A,445.0915301632379,-2.188756800822966,0.359398264863939,-6.090059454381577,1.1286876333242794e-9,1.5238411737511096e-5
DMC1,106.39272643664545,-2.189809580884461,0.5783928534402929,-3.7860246160709408,1.5307651740090823e-4,0.009973875230136627
FCER1G,126.73931667206779,-2.197109442215158,0.6817940326950099,-3.222541320184891,0.001270588381077508,0.04331010879316278
PLK1,249.82881211890023,-2.2113216889275664,0.6783555935696146,-3.2598267190386703,0.0011148030007786035,0.039712283149107984
GINS1,305.31619503872156,-2.211577182688142,0.5000686400070167,-4.422547238029384,9.754401344550108e-6,0.0015677877684853693
CDC6,1196.753878855169,-2.2135734213961005,0.5087106402598838,-4.351340912124932,1.3530747944211222e-5,0.002029762533275508
RAD54B,275.90493947743363,-2.2194777953736797,0.4029792458706919,-5.507672710484615,3.636086139389757e-8,7.01297128112873e-5
NUF2,463.3761396362141,-2.2205973162921784,0.48707786280424914,-4.559019175101805,5.139307924098524e-6,0.001034437676239402
CDKN2B,43.02297804122358,-2.2221233553870894,0.5990344268669984,-3.709508595372366,2.0766190772013418e-4,0.012260310390871542
HMMR,613.5926024494339,-2.2386399014488902,0.5734913338867944,-3.9035287356073485,9.48002887869917e-5,0.006844378069054412
ARHGAP11B,137.44843003407456,-2.246274159965796,0.5381760891953586,-4.173864660773503,2.9947570009317842e-5,0.003287171891835774
AURKA,604.7679529265374,-2.2589400224845284,0.5318590088127396,-4.247253473297603,2.1640708041266333e-5,0.002755397298035966
SPC25,149.53370537423743,-2.262131703056433,0.6497312961968215,-3.481641897654829,4.983496619483296e-4,0.022278870152199995
UHRF1,2166.0801060431154,-2.262443698800415,0.47832036175746984,-4.729975722730317,2.24546687522642e-6,6.274497000751365e-4
CEP55,664.505249735504,-2.275531247155831,0.5340998160936443,-4.260498091534372,2.0397182419526074e-5,0.002726558018277441
CDT1,1058.0187643219044,-2.2961444445339714,0.4646047467932143,-4.942145900106218,7.726735660778415e-7,3.0812739733431687e-4
FADS2,926.6556360449987,-2.3170309584592137,0.5864033259822018,-3.9512582139234644,7.774138952500275e-5,0.0060321063217072535
CLSPN,1566.1400573846133,-2.343726512422646,0.5243021078847688,-4.470183272537501,7.815259913993533e-6,0.0014258624878219822
HMGB3,136.40563788258223,-2.344203350571878,0.5320631040520405,-4.4058746654656105,1.0535787245434576e-5,0.0016539960883792117
CARMIL1,42.132922530557614,-2.35949713532397,0.7730623333892087,-3.052143447449598,0.0022721348941455183,0.06458124885443925
H3C7,4362.843409833934,-2.364590537276089,0.5091690463714003,-4.644018630212056,3.416967294884494e-6,0.00081814262223968415
BUB1,1348.7095822463389,-2.369126209454397,0.5225026479496759,-4.534189862483866,5.782499769108631e-6,0.0011152789911819375
E2F1,1321.789939763433,-2.3831348040610263,0.47442414230258456,-5.023215708405242,5.081341888037412e-7,2.4501141725140395e-4
PBK,84.18691837324725,-2.3845756149834076,0.5974221819613889,-3.9914413742634047,6.5672924224032e-5,0.005439571472077644
DOCK5,158.18678354413132,-2.3892644382014607,0.7990732617342978,-2.9900442833186953,0.00278937005024269,0.07460707582524638
FAM111B,1303.812424454479,-2.3913702126528715,0.46052386629793374,-5.192717224140097,2.0724684173886894e-7,1.3990198051582346e-4
PRR11,474.2689191672684,-2.3997714575075606,0.5888893186058424,-4.075080633469232,4.599840595267203e-5,0.004350350390803811
SPC24,251.0919997145063,-2.401571356601425,0.49340085076075696,-4.867383898707367,1.1308522548019893e-6,4.2410100811337935e-4
OSM,358.15555594754545,-2.403006896006076,0.5784729595135042,-4.154052244770447,3.2663854486710544e-5,0.0035279575954006324
ZWINT,891.4950148560938,-2.410655762933827,0.5752681340601619,-4.190490695042947,2.7835183021403768e-5,0.0031316900497664357
MMP25,1025.1235306200279,-2.41472627092935,0.49473011918065996,-4.880896022519234,1.0560491429973992e-6,4.073634137030825e-4
NEIL3,118.56148921348635,-2.4195100064642796,0.5861152110047794,-4.128045068676012,3.658604176913709e-5,0.0037646739036337903
CD38,517.4194961953591,-2.420189631653827,0.6108007294137456,-3.9623227594648687,7.422410549563633e-5,0.005884752304823502
CCNA2,642.3551735721122,-2.4238473259257174,0.5125588500902336,-4.728915178225896,2.257226541122098e-6,6.274497000751365e-4
CIT,380.669160160697,-2.4317378557150224,0.5252239513712009,-4.629906631954788,3.6583065087689997e-6,8.231799362481712e-4
SHCBP1,304.73244509270677,-2.438167650278778,0.6440454726242251,-3.785707304709759,1.532719971816973e-4,0.009973875230136627
NUSAP1,2203.784296294823,-2.438584755068196,0.46461873664812803,-5.248571705611221,1.5328297703502868e-7,1.3736049883857873e-4
MB21D2,143.37025362140162,-2.4417808530763128,0.4589946034082557,-5.319846540558245,1.0385481549270354e-7,1.3736049883857873e-4
GTSE1,333.5444084952556,-2.4519136766600647,0.5309142411404749,-4.61828575438667,3.869231875582317e-6,8.291825325751883e-4
CSF1,1223.4880212020082,-2.462980131928271,0.8650304717957645,-2.847275572634146,0.004409517335008302,0.09745148535173938
IL1RL1,178.23471524226053,-2.464879443027932,0.6687411613460653,-3.685849750995643,2.279408058299177e-4,0.013114256434656343
TYMS,328.21860340485756,-2.4745647743541386,0.5726190600293343,-4.321485167167455,1.5498247209764533e-5,0.0022221600714412426
TOP2A,3535.9826597603164,-2.4935787684847077,0.8453540646323051,-2.9497448144042626,0.00318036493864157,0.08055930025628487
DIAPH3,299.9963947300178,-2.5103320708563475,0.5646881009451465,-4.445519688930367,8.76796497600011e-6,0.0014984341157085758
SKA3,276.4101244838566,-2.513888054181275,0.534606877369347,-4.702311475212262,2.5723269273661443e-6,6.809605067915748e-4
H3C2,3966.9565543443136,-2.5367349600277915,0.8782732255337687,-2.8883209532957084,0.0038730445621766164,0.09046708414177596
PRDM5,26.090525109369135,-2.5406156304384524,0.8400747045369659,-3.0242734565359806,0.0024923105132615294,0.06881121521379122
KIF15,658.463376259115,-2.5413202906245798,0.49712014018637174,-5.112084756155387,3.186228037176452e-7,1.7206905891967712e-4
MCM10,889.5148225286019,-2.551629496904082,0.8448792333682426,-3.020111509584173,0.002526816370216333,0.06933851181766405
CISH,1958.9188277099965,-2.554055291241828,0.7718222200008178,-3.3091238177091116,9.358843864896937e-4,0.035592605921119305
CDC45,927.2399730406396,-2.557097316291047,0.8932099221286687,-2.8628178583115784,0.004198918630813895,0.09470707352698295
DPF3,145.5995056898396,-2.5700668163169476,0.7573571618667925,-3.393467370113789,6.901377994373809e-4,0.028407165945744148
CDKN3,426.79248896375753,-2.5766459070224896,0.6546553476473447,-3.935881553984493,8.289185110052257e-5,0.006252083138034386
KIF17,10.409940593904116,-2.581285736334066,0.895655146268007,-2.8820084907564048,0.003951490854013612,0.09141208257268986
NCAPG,675.2291645982167,-2.6078471004285286,0.8490264930566915,-3.071573292182764,0.002129338815068845,0.06116639008988187
TPX2,1121.6362221631337,-2.6154821476785264,0.7577005420020644,-3.4518678589930327,5.56720300439935e-4,0.024168105389837824
SKA1,504.05897665512975,-2.6276280667356118,0.6367449104180442,-4.126657353272736,3.680741836009631e-5,0.0037646739036337903
ESCO2,527.17573931049,-2.6332745355365312,0.5511105070235022,-4.778124354330691,1.7693794615856198e-6,5.40318670542808e-4
BUB1B,497.70412696321387,-2.6338614633167357,0.5780900006039188,-4.5561443037679155,5.210114953283411e-6,0.001034437676239402
DTL,1480.8788718644964,-2.639150598029846,0.79012156199737,-3.3401829857145837,8.372320543268498e-4,0.03295472293139008
CENPE,758.6823016187021,-2.6488438474893186,0.8428004947304776,-3.142907323917035,0.0016727879330176445,0.05179887587997986
KIF11,1113.575882841424,-2.6498126490865053,0.549459298842431,-4.8225822270529894,1.4171158001221719e-6,4.78312010436236e-4
KIF18B,277.86850698702125,-2.699184674531782,0.6186730349522155,-4.362861353316068,1.283723044790289e-5,0.0019473645873835607
CENPF,1535.0435836340823,-2.700979939257757,0.7328697764160766,-3.685484142170864,2.282682958406222e-4,0.013114256434656343
EXO1,725.08705872072,-2.7091000446735367,0.5607446230107406,-4.831254609500992,1.3567536701515352e-6,4.779172919597858e-4
E2F7,348.4867503677781,-2.712060783803144,0.5800527514601952,-4.675541624405609,2.9317880121609686e-6,7.196739991306406e-4
CXCL11,13.010867462370584,-2.7373295210015653,0.9007094283239131,-3.039081678200405,0.002373005079782642,0.06674571162946968
CENPW,107.63745826141728,-2.7407578993171753,0.6460905243409233,-4.242064843952048,2.2147267736310488e-5,0.0027686135343326654
HRH2,84.08135348323164,-2.7617367037498552,0.8178104694479789,-3.376988687383795,7.32840640566613e-4,0.029711956421290816
MND1,69.85358225331923,-2.768681141918775,0.6153301680094823,-4.499504958248869,6.811189127129244e-6,0.001277192561185721
KIFC1,949.3330517253638,-2.772802975509647,0.9359165955816829,-2.962660335973974,0.003049929198410445,0.07817728503376098
CDK1,1043.3162183511033,-2.8094687214073386,0.8434171965559842,-3.3310545870768857,8.651763482008846e-4,0.03385723442626128
RIBC2,101.64850203469798,-2.833089843322734,0.5713130154811423,-4.958910031021773,7.088978540717381e-7,3.0812739733431687e-4
LOC105369889,17.249409322103457,-2.8385163821492685,0.8390076502796824,-3.3831829557251973,7.165088276951669e-4,0.02916159296335135
LTA,22042.2526041508,-2.8520962531450156,0.9153915555827804,-3.1157117801127625,0.0018350152999990462,0.055424030347398484
ARHGAP11A,909.6542376714629,-2.8618078731384995,0.49184436665505504,-5.81852323042986,5.936980967341168e-9,2.671839334669103e-5
RRM2,4261.835015584373,-2.8854163027976534,0.9518286896110155,-3.031444979849093,0.0024338627280238645,0.06789646280814442
BIRC5,513.6265073925125,-2.888123213582234,0.8474788260963478,-3.4079001441080137,6.546484653688757e-4,0.027195104402908277
BCL6B,86.9568767190864,-2.9010502023185567,0.9894970781171591,-2.931843121597439,0.0033695691181645213,0.08290141106714738
H3C15,2055.3335370106647,-2.9513128056784987,0.7272332484045203,-4.058275404972744,4.943644669714709e-5,0.0045404181418924
KIF14,399.060616060081,-2.952215215807088,0.5850203042076918,-5.046346587586135,4.503381736226298e-7,2.2518576600293055e-4
H3C14,2042.7261738210811,-2.953467758625522,0.5564937180254991,-5.307279602552838,1.1127342428765731e-7,1.3736049883857873e-4
GSDMA,8.084756120539245,-2.966665846545142,0.9731797866270985,-3.0484252625377475,0.002300441268146574,0.06524844025472036
KIF2C,869.7821713605659,-2.9761881086546276,0.5751593942520717,-5.174544897288544,2.284671696512524e-7,1.4688263130769328e-4
FOXM1,487.60467867936,-2.9767202654153277,0.629710865428705,-4.727122285540979,2.277241337951388e-6,6.274497000751365e-4
MTCL3,179.4046362873397,-2.9882112396332974,0.7024975923669721,-4.253696058323727,2.1027066643607595e-5,0.002755397298035966
UBE2C,741.2040184415106,-2.995042536866751,0.9421098609932405,-3.1790799150633666,0.0014774335177501054,0.04816651721085394
H3C8,2244.5235836339516,-3.003681196923038,0.8444383679012736,-3.5570164870507277,3.750906236374959e-4,0.018755920406406786
PKMYT1,358.2590088659358,-3.0136971896512272,0.6514704236644066,-4.625992340066201,3.728090767123281e-6,8.251303843759248e-4
E2F2,639.4884786844892,-3.04323319887771,0.5763708687043045,-5.279991346056352,1.2918998815717519e-7,1.3736049883857873e-4
KIF23,538.6730801662078,-3.0554291589548748,0.8382214029046459,-3.645133789673053,2.672527317262708e-4,0.01484847379027318
OCSTAMP,22.765925971499716,-3.0772118559946637,1.0727143421977694,-2.8686219014188756,0.004122642992668367,0.0940199375743507
CDC25C,107.66008363403239,-3.0956563881316166,0.7872022320761836,-3.9324791800539844,8.407426346971377e-5,0.006274037772648135
DLGAP5,565.4742610452389,-3.160969942751231,0.8786961837038083,-3.5973411531473474,3.2148670625491485e-4,0.017054688278071772
MKI67,2588.7597671579406,-3.1734015376482625,0.7850802003413816,-4.04213676038238,5.296632400912809e-5,0.004674918714588433
ASPM,1510.5581181001662,-3.1874754185702407,0.9046786088441481,-3.523323517776861,4.261708115341277e-4,0.02016669234606018
ANLN,675.9832530152133,-3.1931971052806447,0.8066071452398786,-3.9588009158175916,7.532699228615892e-5,0.005884752304823502
STEAP1,66.54191769598876,-3.2010094905317956,1.106530258209486,-2.8928350280375135,0.003817817679081076,0.09025245250057559
AURKB,449.2079670906267,-3.2219798872999816,0.8876730494247911,-3.6296921365223525,2.837594507756866e-4,0.015597866621014892
CKAP2L,335.0245245326395,-3.2262349568306488,1.0900936747249443,-2.9595942363803753,0.003080444731326324,0.07876720514703921
HJURP,705.0762123243335,-3.2701093521972764,0.8020097637900294,-4.077393443121983,4.554339041146312e-5,0.004350350390803811
CYP1A1,71.94338738504898,-3.2980806830686706,0.873812343514832,-3.774358084485779,1.604201980337694e-4,0.010216193837990193
PIMREG,40.82877167989769,-3.3464426965211778,0.9095122377382368,-3.6793817143605105,2.3380009978863397e-4,0.013375148929009947
DUSP6,1041.5197682737837,-3.359841939114215,0.5666609544930236,-5.92919260180927,3.0442784214989375e-9,2.0550401484328576e-5
DRAXIN,70.0775536060779,-3.447830598332008,0.7803657354919047,-4.418223970531796,9.951526863901416e-6,0.0015806536963474474
CCNB2,346.5035931827818,-3.458926323529927,0.9343776314698463,-3.7018505227792917,2.1403270659032047e-4,0.012509331479116523
DEPDC1,179.62874426236587,-3.4753744226155336,1.0872398504651992,-3.1965112584205952,0.0013910039795763348,0.04602927629475514
NRGN,20.363132981767876,-3.5717633828454707,0.8975153565545528,-3.9796125567778757,6.902767276997152e-5,0.005580494671062188
NEK2,233.6378080881485,-3.588293049978051,1.1836989177990063,-3.0314237818601675,0.002434033627075172,0.06789646280814442
HBEGF,499.7219601975646,-3.591855434269116,0.8789021539570693,-4.086752339947688,4.3745365184592725e-5,0.004298167965204968
DACT3,24.134012996901962,-3.627915647753663,1.065970702662694,-3.4033915178826897,6.655483656504618e-4,0.027563093511186763
CSF2,5457.200979842298,-3.747298062963689,0.917538044374306,-4.08407922258861,4.4251932980037825e-5,0.004298167965204968
CEACAM1,61.567928864801836,-4.005349517827457,1.023436119123021,-3.913629236829777,9.091920354021703e-5,0.0066351360378187575
IQGAP3,19.20647275612109,-4.0816987125448065,1.3706875766264153,-2.9778476015598154,0.002902802800257715,0.07645866809663095
CA6,15.398769541349607,-4.29471446967905,1.2368997554094041,-3.472160497159718,5.162875751696955e-4,0.02277908023649039
SOCS2,1114.9772534569179,-4.316103140812323,1.319234415622813,-3.271672638084326,0.0010691329207837628,0.03869802563941442
LIF,391.1752444298764,-4.3538912818009905,1.1582451762753727,-3.759041152065936,1.7056578411880945e-4,0.010660776834891895
FAM131C,39.47913538733695,-4.465814242264637,1.413699231269537,-3.158956405638153,0.0015833517286802906,0.05006283767895223
GNG8,43.92144939541442,-4.510330570934988,1.076276497370589,-4.190680166252825,2.7811947134994642e-5,0.0031316900497664357
NTRK2,14.252694652113682,-4.733928827177571,1.671374127514318,-2.8323573694525894,0.004620617512848811,0.09981273126555487
CYP4F3,4.236349052209714,-4.824693604446845,1.670202321436719,-2.8886881203090486,0.003868525537094419,0.09046708414177596
METTL21C,5.474115567949462,-4.938347563215235,1.5665597113408485,-3.1523519515182783,0.0016196092863829355,0.050733979061382856
GRB10,6.34652862979526,-4.972300018676582,1.5679123477815986,-3.1712869827906958,0.001517651296030972,0.048506069834226125
APBA1,12.63037232739463,-5.180229619911524,1.5845465509865175,-3.269218955218691,0.001078448131365261,0.03882700859083304
PAK3,6.4514477156659,-5.396797692195374,1.7150927485603082,-3.1466506384133344,0.0016515216439886421,0.051376022385923176
RASSF8,5.4956507476803615,-5.486096809493474,1.6778931173545208,-3.2696342530704356,0.0010768662268115,0.03882700859083304
NPBWR1,6.25157609679263,-5.576374640808197,1.6621714755559382,-3.35487326236488,7.940135283312976e-4,0.0316223499882031
CCDC74B,7.827373828962796,-5.613142770201152,1.5620271821487846,-3.5934987779658845,3.2626717980775276e-4,0.017206770291345586
IL13,45.78612792612315,-5.688726229763954,1.8893834321563527,-3.0108902898928314,0.0026048294949430084,0.07076016702459871
PMCH,9.30796943437659,-5.752592851244055,1.7376715747071807,-3.310517899340926,9.312349615422716e-4,0.035515828293170085
GJB6,11.976821963007707,-5.904630777639773,1.4607891225150234,-4.042082930816078,5.297848776624177e-5,0.004674918714588433
DNAJC22,39.373618064865745,-5.947395442291959,1.5581481931277448,-3.8169639245632148,1.351039151463279e-4,0.008985408662022527
MYLK2,8.130101441907888,-5.949716622341904,1.6717403025214903,-3.5589957443557054,3.722755631592935e-4,0.01868435828332201
CCL23,5.521297264910614,-5.966584201354148,2.0955807353345017,-2.8472223001237635,0.004410255355152415,0.09745148535173938
RGS8,18.587255967196974,-6.364709228447816,1.759193409092737,-3.6179701421973074,2.969226402088859e-4,0.01597112575880545
HSPA4L,23.338591295570367,-6.367461981861741,1.5120999673574915,-4.21100596476393,2.542360327668929e-5,0.0030109128757770357
OLAH,37.604999117863166,-7.542955859228654,1.6039731648060889,-4.702669611146863,2.5678175097894848e-6,6.809605067915748e-4
HMCN1,96.56861006140127,-7.682795962103488,1.6084871358537254,-4.7764111946259025,1.784513064431764e-6,5.40318670542808e-4
ENPEP,65.9808129805362,-7.902551246803243,2.16061055243287,-3.657554684209465,2.5463294535193744e-4,0.014264727780898372
